<BackupInst xmlns="http://www.microsoft.com/GroupPolicy/GPOOperations/Manifest"><GPOGuid><![CDATA[{F41B2496-4447-4D12-833E-AF0C0AE9E222}]]></GPOGuid><GPODomain><![CDATA[dundermifflin.com]]></GPODomain><GPODomainGuid><![CDATA[{8faf560a-44dd-4193-a2ba-ce155c713494}]]></GPODomainGuid><GPODomainController><![CDATA[DC01.dundermifflin.com]]></GPODomainController><BackupTime><![CDATA[2019-01-17T13:36:13]]></BackupTime><ID><![CDATA[{27B7390A-0423-4BAA-9233-0C0247C1BF30}]]></ID><Comment><![CDATA[]]></Comment><GPODisplayName><![CDATA[DC_Audit]]></GPODisplayName></BackupInst>
