<BackupInst xmlns="http://www.microsoft.com/GroupPolicy/GPOOperations/Manifest"><GPOGuid><![CDATA[{E59A141A-E22A-4570-9A9B-8B326C1CED60}]]></GPOGuid><GPODomain><![CDATA[gpo.test]]></GPODomain><GPODomainGuid><![CDATA[{8de90518-3fba-4aaf-8f63-f04943bcdc9b}]]></GPODomainGuid><GPODomainController><![CDATA[GPO1.gpo.test]]></GPODomainController><BackupTime><![CDATA[2019-03-28T15:58:44]]></BackupTime><ID><![CDATA[{F1C661D7-29F1-4389-8FC4-675D8DC58C40}]]></ID><Comment><![CDATA[]]></Comment><GPODisplayName><![CDATA[Domain_Member_Audit]]></GPODisplayName></BackupInst>
