<BackupInst xmlns="http://www.microsoft.com/GroupPolicy/GPOOperations/Manifest"><GPOGuid><![CDATA[{46B07485-BC6A-4AF4-B175-1CF9BF3A00BE}]]></GPOGuid><GPODomain><![CDATA[gpo.test]]></GPODomain><GPODomainGuid><![CDATA[{8de90518-3fba-4aaf-8f63-f04943bcdc9b}]]></GPODomainGuid><GPODomainController><![CDATA[GPO1.gpo.test]]></GPODomainController><BackupTime><![CDATA[2019-03-27T13:43:27]]></BackupTime><ID><![CDATA[{AD611AE6-973F-45A6-ACDA-40AD8EECD339}]]></ID><Comment><![CDATA[Domain Controller Security Policy]]></Comment><GPODisplayName><![CDATA[2012_DC_Security]]></GPODisplayName></BackupInst>
