<BackupInst xmlns="http://www.microsoft.com/GroupPolicy/GPOOperations/Manifest"><GPOGuid><![CDATA[{E59A141A-E22A-4570-9A9B-8B326C1CED60}]]></GPOGuid><GPODomain><![CDATA[gpo.test]]></GPODomain><GPODomainGuid><![CDATA[{8de90518-3fba-4aaf-8f63-f04943bcdc9b}]]></GPODomainGuid><GPODomainController><![CDATA[GPO1.gpo.test]]></GPODomainController><BackupTime><![CDATA[2019-03-28T19:07:20]]></BackupTime><ID><![CDATA[{4B6EFEEE-75D2-43EF-875D-D1B0C830C6CC}]]></ID><Comment><![CDATA[]]></Comment><GPODisplayName><![CDATA[Domain_Member_Audit]]></GPODisplayName></BackupInst>
