<BackupInst xmlns="http://www.microsoft.com/GroupPolicy/GPOOperations/Manifest"><GPOGuid><![CDATA[{7D9D0661-B1FD-4A0F-A5CC-1423289D323A}]]></GPOGuid><GPODomain><![CDATA[dundermifflin.com]]></GPODomain><GPODomainGuid><![CDATA[{8faf560a-44dd-4193-a2ba-ce155c713494}]]></GPODomainGuid><GPODomainController><![CDATA[DC01.dundermifflin.com]]></GPODomainController><BackupTime><![CDATA[2019-01-17T13:35:17]]></BackupTime><ID><![CDATA[{2F1B31C9-858D-4065-B811-9A12C245D5EE}]]></ID><Comment><![CDATA[]]></Comment><GPODisplayName><![CDATA[2012_DC_Security]]></GPODisplayName></BackupInst>
