<BackupInst xmlns="http://www.microsoft.com/GroupPolicy/GPOOperations/Manifest"><GPOGuid><![CDATA[{C79B1E4C-25D6-490D-AF35-9E4E89672E8B}]]></GPOGuid><GPODomain><![CDATA[spaceforcex.net]]></GPODomain><GPODomainGuid><![CDATA[{ee6983a5-5646-411a-9098-d64ac7eb5284}]]></GPODomainGuid><GPODomainController><![CDATA[WINAD01.spaceforcex.net]]></GPODomainController><BackupTime><![CDATA[2019-02-10T20:31:25]]></BackupTime><ID><![CDATA[{B5D78D0F-1406-469F-89A4-92B99E026C1C}]]></ID><Comment><![CDATA[]]></Comment><GPODisplayName><![CDATA[2012_Member_Security]]></GPODisplayName></BackupInst>
