<BackupInst xmlns="http://www.microsoft.com/GroupPolicy/GPOOperations/Manifest"><GPOGuid><![CDATA[{EC3B6631-6FBB-4C2A-9969-7452AE027C7F}]]></GPOGuid><GPODomain><![CDATA[gpo.test]]></GPODomain><GPODomainGuid><![CDATA[{8de90518-3fba-4aaf-8f63-f04943bcdc9b}]]></GPODomainGuid><GPODomainController><![CDATA[GPO1.gpo.test]]></GPODomainController><BackupTime><![CDATA[2019-03-28T15:58:54]]></BackupTime><ID><![CDATA[{3E54405B-9EF4-4D72-A7B8-49E573BE1226}]]></ID><Comment><![CDATA[]]></Comment><GPODisplayName><![CDATA[Domain_Overall]]></GPODisplayName></BackupInst>
