<BackupInst xmlns="http://www.microsoft.com/GroupPolicy/GPOOperations/Manifest"><GPOGuid><![CDATA[{E7AD5775-97A1-4F3C-B35C-994418642D6E}]]></GPOGuid><GPODomain><![CDATA[gpo.test]]></GPODomain><GPODomainGuid><![CDATA[{8de90518-3fba-4aaf-8f63-f04943bcdc9b}]]></GPODomainGuid><GPODomainController><![CDATA[GPO1.gpo.test]]></GPODomainController><BackupTime><![CDATA[2019-03-28T16:46:33]]></BackupTime><ID><![CDATA[{5B624892-03E0-401F-9C6F-A90645C3D54D}]]></ID><Comment><![CDATA[]]></Comment><GPODisplayName><![CDATA[2012_Member_Security]]></GPODisplayName></BackupInst>
