<BackupInst xmlns="http://www.microsoft.com/GroupPolicy/GPOOperations/Manifest"><GPOGuid><![CDATA[{77656A7A-FCE9-4305-874F-5E92B95A88D9}]]></GPOGuid><GPODomain><![CDATA[spaceforcex.net]]></GPODomain><GPODomainGuid><![CDATA[{ee6983a5-5646-411a-9098-d64ac7eb5284}]]></GPODomainGuid><GPODomainController><![CDATA[WINAD01.spaceforcex.net]]></GPODomainController><BackupTime><![CDATA[2019-02-10T20:31:41]]></BackupTime><ID><![CDATA[{72842341-9C7C-41FD-A538-BA946F137D17}]]></ID><Comment><![CDATA[]]></Comment><GPODisplayName><![CDATA[Domain_Overall]]></GPODisplayName></BackupInst>
