<?xml version="1.0" encoding="utf-8"?><!-- Copyright (c) Microsoft Corporation.  All rights reserved. --><GroupPolicyBackupScheme bkp:version="2.0" bkp:type="GroupPolicyBackupTemplate" xmlns:bkp="http://www.microsoft.com/GroupPolicy/GPOOperations" xmlns="http://www.microsoft.com/GroupPolicy/GPOOperations">
    <GroupPolicyObject><SecurityGroups><Group bkp:Source="FromDACL"><Sid><![CDATA[S-1-5-21-986784713-2796982-3380353158-519]]></Sid><SamAccountName><![CDATA[Enterprise Admins]]></SamAccountName><Type><![CDATA[UniversalGroup]]></Type><NetBIOSDomainName><![CDATA[GPO]]></NetBIOSDomainName><DnsDomainName><![CDATA[gpo.test]]></DnsDomainName><UPN><![CDATA[Enterprise Admins@gpo.test]]></UPN></Group><Group bkp:Source="FromDACL"><Sid><![CDATA[S-1-5-21-986784713-2796982-3380353158-512]]></Sid><SamAccountName><![CDATA[Domain Admins]]></SamAccountName><Type><![CDATA[GlobalGroup]]></Type><NetBIOSDomainName><![CDATA[GPO]]></NetBIOSDomainName><DnsDomainName><![CDATA[gpo.test]]></DnsDomainName><UPN><![CDATA[Domain Admins@gpo.test]]></UPN></Group></SecurityGroups><FilePaths/><GroupPolicyCoreSettings><ID><![CDATA[{EC3B6631-6FBB-4C2A-9969-7452AE027C7F}]]></ID><Domain><![CDATA[gpo.test]]></Domain><SecurityDescriptor>01 00 04 9c 00 00 00 00 00 00 00 00 00 00 00 00 14 00 00 00 04 00 ec 00 08 00 00 00 05 02 28 00 00 01 00 00 01 00 00 00 8f fd ac ed b3 ff d1 11 b4 1d 00 a0 c9 68 f9 39 01 01 00 00 00 00 00 05 0b 00 00 00 00 00 24 00 ff 00 0f 00 01 05 00 00 00 00 00 05 15 00 00 00 c9 23 d1 3a b6 ad 2a 00 86 18 7c c9 00 02 00 00 00 02 24 00 ff 00 0f 00 01 05 00 00 00 00 00 05 15 00 00 00 c9 23 d1 3a b6 ad 2a 00 86 18 7c c9 00 02 00 00 00 02 24 00 ff 00 0f 00 01 05 00 00 00 00 00 05 15 00 00 00 c9 23 d1 3a b6 ad 2a 00 86 18 7c c9 07 02 00 00 00 02 14 00 94 00 02 00 01 01 00 00 00 00 00 05 09 00 00 00 00 02 14 00 94 00 02 00 01 01 00 00 00 00 00 05 0b 00 00 00 00 02 14 00 ff 00 0f 00 01 01 00 00 00 00 00 05 12 00 00 00 00 0a 14 00 ff 00 0f 00 01 01 00 00 00 00 00 03 00 00 00 00</SecurityDescriptor><DisplayName><![CDATA[Domain_Overall]]></DisplayName><Options><![CDATA[1]]></Options><UserVersionNumber><![CDATA[393222]]></UserVersionNumber><MachineVersionNumber><![CDATA[5242960]]></MachineVersionNumber><MachineExtensionGuids><![CDATA[[{00000000-0000-0000-0000-000000000000}{BEE07A6A-EC9F-4659-B8C9-0B1937907C83}][{35378EAC-683F-11D2-A89A-00C04FBBCFA2}{62C1845D-C4A6-4ACB-BBB0-C895FD090385}{D02B1F72-3407-48AE-BA88-E8213C6761F1}][{827D319E-6EAC-11D2-A4EA-00C04F79F83A}{803E14A0-B4FB-11D0-A0D0-00A0C90F574B}][{B087BE9D-ED37-454F-AF9C-04291E351182}{BEE07A6A-EC9F-4659-B8C9-0B1937907C83}]]]></MachineExtensionGuids><UserExtensionGuids><![CDATA[[{00000000-0000-0000-0000-000000000000}{3BFAE46A-7F3A-467B-8CEA-6AA34DC71F53}][{35378EAC-683F-11D2-A89A-00C04FBBCFA2}{D02B1F73-3407-48AE-BA88-E8213C6761F1}][{A3F3E39B-5D83-4940-B954-28315B82F0A8}{3BFAE46A-7F3A-467B-8CEA-6AA34DC71F53}]]]></UserExtensionGuids><WMIFilter/></GroupPolicyCoreSettings> 
        <GroupPolicyExtension bkp:ID="{35378EAC-683F-11D2-A89A-00C04FBBCFA2}" bkp:DescName="Registry">
            <FSObjectFile bkp:Path="%GPO_MACH_FSPATH%\registry.pol" bkp:SourceExpandedPath="\\GPO1.gpo.test\sysvol\gpo.test\Policies\{EC3B6631-6FBB-4C2A-9969-7452AE027C7F}\Machine\registry.pol" bkp:Location="DomainSysvol\GPO\Machine\registry.pol"/>
            <FSObjectFile bkp:Path="%GPO_USER_FSPATH%\registry.pol" bkp:SourceExpandedPath="\\GPO1.gpo.test\sysvol\gpo.test\Policies\{EC3B6631-6FBB-4C2A-9969-7452AE027C7F}\User\registry.pol" bkp:Location="DomainSysvol\GPO\User\registry.pol"/>
            <FSObjectFile bkp:Path="%GPO_FSPATH%\Adm\*.*" bkp:SourceExpandedPath="\\GPO1.gpo.test\sysvol\gpo.test\Policies\{EC3B6631-6FBB-4C2A-9969-7452AE027C7F}\Adm\*.*"/>
        </GroupPolicyExtension>
        
        
        
        
        <GroupPolicyExtension bkp:ID="{827D319E-6EAC-11D2-A4EA-00C04F79F83A}" bkp:DescName="Security">
            <FSObjectFile bkp:Path="%GPO_MACH_FSPATH%\microsoft\windows nt\SecEdit\GptTmpl.inf" bkp:SourceExpandedPath="\\GPO1.gpo.test\sysvol\gpo.test\Policies\{EC3B6631-6FBB-4C2A-9969-7452AE027C7F}\Machine\microsoft\windows nt\SecEdit\GptTmpl.inf" bkp:ReEvaluateFunction="SecurityValidateSettings" bkp:Location="DomainSysvol\GPO\Machine\microsoft\windows nt\SecEdit\GptTmpl.inf"/>
        </GroupPolicyExtension>
        
        
        
        
    <GroupPolicyExtension bkp:ID="{F15C46CD-82A0-4C2D-A210-5D0D3182A418}" bkp:DescName="Unknown Extension"><FSObjectDir bkp:Path="%GPO_MACH_FSPATH%\Applications" bkp:SourceExpandedPath="\\GPO1.gpo.test\sysvol\gpo.test\Policies\{EC3B6631-6FBB-4C2A-9969-7452AE027C7F}\Machine\Applications" bkp:Location="DomainSysvol\GPO\Machine\Applications"/><FSObjectFile bkp:Path="%GPO_MACH_FSPATH%\comment.cmtx" bkp:SourceExpandedPath="\\GPO1.gpo.test\sysvol\gpo.test\Policies\{EC3B6631-6FBB-4C2A-9969-7452AE027C7F}\Machine\comment.cmtx" bkp:Location="DomainSysvol\GPO\Machine\comment.cmtx"/><FSObjectDir bkp:Path="%GPO_MACH_FSPATH%\microsoft" bkp:SourceExpandedPath="\\GPO1.gpo.test\sysvol\gpo.test\Policies\{EC3B6631-6FBB-4C2A-9969-7452AE027C7F}\Machine\microsoft" bkp:Location="DomainSysvol\GPO\Machine\microsoft"/><FSObjectDir bkp:Path="%GPO_MACH_FSPATH%\microsoft\windows nt" bkp:SourceExpandedPath="\\GPO1.gpo.test\sysvol\gpo.test\Policies\{EC3B6631-6FBB-4C2A-9969-7452AE027C7F}\Machine\microsoft\windows nt" bkp:Location="DomainSysvol\GPO\Machine\microsoft\windows nt"/><FSObjectDir bkp:Path="%GPO_MACH_FSPATH%\microsoft\windows nt\Audit" bkp:SourceExpandedPath="\\GPO1.gpo.test\sysvol\gpo.test\Policies\{EC3B6631-6FBB-4C2A-9969-7452AE027C7F}\Machine\microsoft\windows nt\Audit" bkp:Location="DomainSysvol\GPO\Machine\microsoft\windows nt\Audit"/><FSObjectDir bkp:Path="%GPO_MACH_FSPATH%\microsoft\windows nt\SecEdit" bkp:SourceExpandedPath="\\GPO1.gpo.test\sysvol\gpo.test\Policies\{EC3B6631-6FBB-4C2A-9969-7452AE027C7F}\Machine\microsoft\windows nt\SecEdit" bkp:Location="DomainSysvol\GPO\Machine\microsoft\windows nt\SecEdit"/><FSObjectDir bkp:Path="%GPO_MACH_FSPATH%\Preferences" bkp:SourceExpandedPath="\\GPO1.gpo.test\sysvol\gpo.test\Policies\{EC3B6631-6FBB-4C2A-9969-7452AE027C7F}\Machine\Preferences" bkp:Location="DomainSysvol\GPO\Machine\Preferences"/><FSObjectDir bkp:Path="%GPO_MACH_FSPATH%\Preferences\Registry" bkp:SourceExpandedPath="\\GPO1.gpo.test\sysvol\gpo.test\Policies\{EC3B6631-6FBB-4C2A-9969-7452AE027C7F}\Machine\Preferences\Registry" bkp:Location="DomainSysvol\GPO\Machine\Preferences\Registry"/><FSObjectFile bkp:Path="%GPO_MACH_FSPATH%\Preferences\Registry\Registry.xml" bkp:SourceExpandedPath="\\GPO1.gpo.test\sysvol\gpo.test\Policies\{EC3B6631-6FBB-4C2A-9969-7452AE027C7F}\Machine\Preferences\Registry\Registry.xml" bkp:Location="DomainSysvol\GPO\Machine\Preferences\Registry\Registry.xml"/><FSObjectDir bkp:Path="%GPO_MACH_FSPATH%\Scripts" bkp:SourceExpandedPath="\\GPO1.gpo.test\sysvol\gpo.test\Policies\{EC3B6631-6FBB-4C2A-9969-7452AE027C7F}\Machine\Scripts" bkp:Location="DomainSysvol\GPO\Machine\Scripts"/><FSObjectDir bkp:Path="%GPO_MACH_FSPATH%\Scripts\Shutdown" bkp:SourceExpandedPath="\\GPO1.gpo.test\sysvol\gpo.test\Policies\{EC3B6631-6FBB-4C2A-9969-7452AE027C7F}\Machine\Scripts\Shutdown" bkp:Location="DomainSysvol\GPO\Machine\Scripts\Shutdown"/><FSObjectDir bkp:Path="%GPO_MACH_FSPATH%\Scripts\Startup" bkp:SourceExpandedPath="\\GPO1.gpo.test\sysvol\gpo.test\Policies\{EC3B6631-6FBB-4C2A-9969-7452AE027C7F}\Machine\Scripts\Startup" bkp:Location="DomainSysvol\GPO\Machine\Scripts\Startup"/><FSObjectFile bkp:Path="%GPO_USER_FSPATH%\comment.cmtx" bkp:SourceExpandedPath="\\GPO1.gpo.test\sysvol\gpo.test\Policies\{EC3B6631-6FBB-4C2A-9969-7452AE027C7F}\User\comment.cmtx" bkp:Location="DomainSysvol\GPO\User\comment.cmtx"/><FSObjectDir bkp:Path="%GPO_USER_FSPATH%\Documents &amp; Settings" bkp:SourceExpandedPath="\\GPO1.gpo.test\sysvol\gpo.test\Policies\{EC3B6631-6FBB-4C2A-9969-7452AE027C7F}\User\Documents &amp; Settings" bkp:Location="DomainSysvol\GPO\User\Documents &amp; Settings"/><FSObjectDir bkp:Path="%GPO_USER_FSPATH%\Preferences" bkp:SourceExpandedPath="\\GPO1.gpo.test\sysvol\gpo.test\Policies\{EC3B6631-6FBB-4C2A-9969-7452AE027C7F}\User\Preferences" bkp:Location="DomainSysvol\GPO\User\Preferences"/><FSObjectDir bkp:Path="%GPO_USER_FSPATH%\Preferences\FolderOptions" bkp:SourceExpandedPath="\\GPO1.gpo.test\sysvol\gpo.test\Policies\{EC3B6631-6FBB-4C2A-9969-7452AE027C7F}\User\Preferences\FolderOptions" bkp:Location="DomainSysvol\GPO\User\Preferences\FolderOptions"/><FSObjectFile bkp:Path="%GPO_USER_FSPATH%\Preferences\FolderOptions\FolderOptions.xml" bkp:SourceExpandedPath="\\GPO1.gpo.test\sysvol\gpo.test\Policies\{EC3B6631-6FBB-4C2A-9969-7452AE027C7F}\User\Preferences\FolderOptions\FolderOptions.xml" bkp:Location="DomainSysvol\GPO\User\Preferences\FolderOptions\FolderOptions.xml"/><FSObjectDir bkp:Path="%GPO_USER_FSPATH%\Scripts" bkp:SourceExpandedPath="\\GPO1.gpo.test\sysvol\gpo.test\Policies\{EC3B6631-6FBB-4C2A-9969-7452AE027C7F}\User\Scripts" bkp:Location="DomainSysvol\GPO\User\Scripts"/><FSObjectDir bkp:Path="%GPO_USER_FSPATH%\Scripts\Logoff" bkp:SourceExpandedPath="\\GPO1.gpo.test\sysvol\gpo.test\Policies\{EC3B6631-6FBB-4C2A-9969-7452AE027C7F}\User\Scripts\Logoff" bkp:Location="DomainSysvol\GPO\User\Scripts\Logoff"/><FSObjectDir bkp:Path="%GPO_USER_FSPATH%\Scripts\Logon" bkp:SourceExpandedPath="\\GPO1.gpo.test\sysvol\gpo.test\Policies\{EC3B6631-6FBB-4C2A-9969-7452AE027C7F}\User\Scripts\Logon" bkp:Location="DomainSysvol\GPO\User\Scripts\Logon"/></GroupPolicyExtension></GroupPolicyObject>
</GroupPolicyBackupScheme>