<?xml version="1.0" encoding="utf-8"?>
<RegistrySettings clsid="{A3CCFC41-DFDB-43a5-8D26-0FE8B954DA51}"><Registry clsid="{9CD4B2F4-923D-47f5-A062-E897DD1DAD50}" name="RunAsPPL" status="RunAsPPL" image="10" changed="2019-01-31 13:08:31" uid="{36609537-8932-418C-AB42-6B448CACD717}"><Properties action="C" displayDecimal="1" default="0" hive="HKEY_LOCAL_MACHINE" key="SYSTEM\CurrentControlSet\Control\Lsa" name="RunAsPPL" type="REG_DWORD" value="00000001"/></Registry>
	<Registry clsid="{9CD4B2F4-923D-47f5-A062-E897DD1DAD50}" name="UseLogonCredential" status="UseLogonCredential" image="12" changed="2019-01-15 23:10:46" uid="{EC2A9028-3242-4337-A7EE-BAAB232FC90B}"><Properties action="U" displayDecimal="1" default="0" hive="HKEY_LOCAL_MACHINE" key="SYSTEM\CurrentControlSet\Control\SecurityProviders\WDigest" name="UseLogonCredential" type="REG_DWORD" value="00000000"/></Registry>
	<Registry clsid="{9CD4B2F4-923D-47f5-A062-E897DD1DAD50}" name="Flags" status="Flags" image="7" changed="2019-02-01 00:06:41" uid="{14B5CD27-9AB6-4B42-B7AE-F59BD56A1BFC}" bypassErrors="1"><Properties action="U" displayDecimal="0" default="0" hive="HKEY_CURRENT_USER" key="Control Panel\Accessibility\StickyKeys" name="Flags" type="REG_SZ" value="506"/></Registry>
	<Registry clsid="{9CD4B2F4-923D-47f5-A062-E897DD1DAD50}" name="On" status="On" image="12" changed="2019-02-01 00:12:13" uid="{9339A7DB-CEB2-42E5-BA52-6A67B2958829}"><Properties action="U" displayDecimal="1" default="0" hive="HKEY_CURRENT_USER" key="Control Panel\Accessibility\On" name="On" type="REG_DWORD" value="00000000"/></Registry>
	<Registry clsid="{9CD4B2F4-923D-47f5-A062-E897DD1DAD50}" name="TokenLeakDetectDelaySecs" status="TokenLeakDetectDelaySecs" image="5" changed="2019-03-28 16:40:53" uid="{3081EC80-0CF3-47B6-9222-8D5CE583ADD6}"><Properties action="C" displayDecimal="1" default="0" hive="HKEY_LOCAL_MACHINE" key="SYSTEM\CurrentControlSet\Control\Lsa" name="TokenLeakDetectDelaySecs" type="REG_SZ" value="30"/></Registry>
</RegistrySettings>
