<BackupInst xmlns="http://www.microsoft.com/GroupPolicy/GPOOperations/Manifest"><GPOGuid><![CDATA[{11D01C3A-1858-4764-B42D-2135EB06368A}]]></GPOGuid><GPODomain><![CDATA[dundermifflin.com]]></GPODomain><GPODomainGuid><![CDATA[{8faf560a-44dd-4193-a2ba-ce155c713494}]]></GPODomainGuid><GPODomainController><![CDATA[DC01.dundermifflin.com]]></GPODomainController><BackupTime><![CDATA[2019-01-17T13:36:25]]></BackupTime><ID><![CDATA[{5E8CB269-6C24-4205-82DB-91F0763F26C1}]]></ID><Comment><![CDATA[]]></Comment><GPODisplayName><![CDATA[Domain_overall]]></GPODisplayName></BackupInst>
