<BackupInst xmlns="http://www.microsoft.com/GroupPolicy/GPOOperations/Manifest"><GPOGuid><![CDATA[{EC3B6631-6FBB-4C2A-9969-7452AE027C7F}]]></GPOGuid><GPODomain><![CDATA[gpo.test]]></GPODomain><GPODomainGuid><![CDATA[{8de90518-3fba-4aaf-8f63-f04943bcdc9b}]]></GPODomainGuid><GPODomainController><![CDATA[GPO1.gpo.test]]></GPODomainController><BackupTime><![CDATA[2019-03-27T13:45:35]]></BackupTime><ID><![CDATA[{0037624D-8D28-40B3-9437-3ABE1A0D14C0}]]></ID><Comment><![CDATA[Domain Level Policy]]></Comment><GPODisplayName><![CDATA[Domain_Overall]]></GPODisplayName></BackupInst>
