<BackupInst xmlns="http://www.microsoft.com/GroupPolicy/GPOOperations/Manifest"><GPOGuid><![CDATA[{2D42856D-2155-45B3-AEE5-87FA1752D543}]]></GPOGuid><GPODomain><![CDATA[gpo.test]]></GPODomain><GPODomainGuid><![CDATA[{8de90518-3fba-4aaf-8f63-f04943bcdc9b}]]></GPODomainGuid><GPODomainController><![CDATA[GPO1.gpo.test]]></GPODomainController><BackupTime><![CDATA[2019-03-28T16:46:45]]></BackupTime><ID><![CDATA[{2C4FF6C2-C606-4C23-9FF8-DBEF651B2F84}]]></ID><Comment><![CDATA[]]></Comment><GPODisplayName><![CDATA[DC_Audit]]></GPODisplayName></BackupInst>
