<BackupInst xmlns="http://www.microsoft.com/GroupPolicy/GPOOperations/Manifest"><GPOGuid><![CDATA[{E7AD5775-97A1-4F3C-B35C-994418642D6E}]]></GPOGuid><GPODomain><![CDATA[gpo.test]]></GPODomain><GPODomainGuid><![CDATA[{8de90518-3fba-4aaf-8f63-f04943bcdc9b}]]></GPODomainGuid><GPODomainController><![CDATA[GPO1.gpo.test]]></GPODomainController><BackupTime><![CDATA[2019-03-27T13:44:30]]></BackupTime><ID><![CDATA[{F5F67D7F-22B4-4EAF-8C82-5283B1512BEA}]]></ID><Comment><![CDATA[Domain Member Security Policy]]></Comment><GPODisplayName><![CDATA[2012_Member_Security]]></GPODisplayName></BackupInst>
