<BackupInst xmlns="http://www.microsoft.com/GroupPolicy/GPOOperations/Manifest"><GPOGuid><![CDATA[{CD42636C-084C-4F6A-8B87-07D2E7D92D01}]]></GPOGuid><GPODomain><![CDATA[spaceforcex.net]]></GPODomain><GPODomainGuid><![CDATA[{ee6983a5-5646-411a-9098-d64ac7eb5284}]]></GPODomainGuid><GPODomainController><![CDATA[WINAD01.spaceforcex.net]]></GPODomainController><BackupTime><![CDATA[2019-02-10T20:31:31]]></BackupTime><ID><![CDATA[{C11C6FEA-FDA8-4CCF-86D2-CF8049202741}]]></ID><Comment><![CDATA[]]></Comment><GPODisplayName><![CDATA[DC_Audit]]></GPODisplayName></BackupInst>
