<BackupInst xmlns="http://www.microsoft.com/GroupPolicy/GPOOperations/Manifest"><GPOGuid><![CDATA[{2D42856D-2155-45B3-AEE5-87FA1752D543}]]></GPOGuid><GPODomain><![CDATA[gpo.test]]></GPODomain><GPODomainGuid><![CDATA[{8de90518-3fba-4aaf-8f63-f04943bcdc9b}]]></GPODomainGuid><GPODomainController><![CDATA[GPO1.gpo.test]]></GPODomainController><BackupTime><![CDATA[2019-03-27T13:44:45]]></BackupTime><ID><![CDATA[{A5D9CFDB-56AF-49A2-99D2-154C27FA4ED6}]]></ID><Comment><![CDATA[Domain Controller Audit Policy]]></Comment><GPODisplayName><![CDATA[DC_Audit]]></GPODisplayName></BackupInst>
