<BackupInst xmlns="http://www.microsoft.com/GroupPolicy/GPOOperations/Manifest"><GPOGuid><![CDATA[{B906552A-6581-4E8A-8911-4613B7628FBC}]]></GPOGuid><GPODomain><![CDATA[dundermifflin.com]]></GPODomain><GPODomainGuid><![CDATA[{8faf560a-44dd-4193-a2ba-ce155c713494}]]></GPODomainGuid><GPODomainController><![CDATA[DC01.dundermifflin.com]]></GPODomainController><BackupTime><![CDATA[2019-01-17T13:36:20]]></BackupTime><ID><![CDATA[{1852DC4A-0869-48A8-8E14-3A5E0E23A041}]]></ID><Comment><![CDATA[]]></Comment><GPODisplayName><![CDATA[Domain_Member_Audit]]></GPODisplayName></BackupInst>
